sentiment,text,user
"negative","@FirstBankngr @chiy_mah Ehrrmmm why do I keep having this issue with first bank I mean them swear for this una bankâ€¦ https://t.co/NR2KQHVItE","prettyuwakwe"
"negative","Neither I like #SiddharthShukla nor #AsimRiyaz \n\nBut what wrong is wrongâœŒï¸\n#WeStandByAsimRiaz \n\nSiddharth Shukla deâ€¦ https://t.co/4lcgoUGjfN","aju7643"
"negative","Do you see this ignorance OMG! you can hear the anger and hate in her voice so not cool.... why are we still goingâ€¦ https://t.co/xoUmqJ3KEM","VeahJanae"
"negative","RT @UnwantedLife_Me: @ChrisKostoGB All comments returned\n\nğŸ˜¡ 24 Ways To Manage Anger\n\nAnger is a normal emotion that we all experience, butâ€¦","The_SMART_coach"
"positive","RT @danidonovan: Iâ€™m prone to strong, sudden flashes of emotions. ğŸ’¥\n\nğŸ˜° Feeling paralyzed by anxiety.\n\nğŸ˜‘ Bouncing from impatience.\n\nğŸ˜¡ Snappiâ€¦","meeloveinuyasha"
"negative","I want to cryğŸ˜” but iâ€™m full of angerğŸ˜¡","justinn_ray"
"negative","@ChrisKostoGB All comments returned\n\nğŸ˜¡ 24 Ways To Manage Anger\n\nAnger is a normal emotion that we all experience, bâ€¦ https://t.co/I5ZyIOvpwm","UnwantedLife_Me"
"negative","RT @SheBeeGee: Just asked the manager of a PnP store to intervene on a customer treating a cashier horribly. Manager stepped up and the graâ€¦","DamonKalvari"
"negative","@BBCSport The man is a constant embarrassment. \nHe'll turn Spurs into a boring defensive unit, argue with his own pâ€¦ https://t.co/Ozww0jHI1b","EzeRennie"
"negative","Just asked the manager of a PnP store to intervene on a customer treating a cashier horribly. Manager stepped up anâ€¦ https://t.co/efsNyr6Y7w","SheBeeGee"
"negative","can i just say.... i miss jaehee a lot and i miss hearing his laugh and his voice ğŸ˜” i hate being soft so i'm gonnaâ€¦ https://t.co/npJxNEdEg7","D1CE_twt"
"negative","This right here..... ğŸ˜¤ğŸ˜¤ğŸ˜¡ i swear the anger that boils in me when i see shit like this. https://t.co/q21QWPRjLH","Yoboii_Dro"
"negative","one of my favorite distant memories is of my middle school English teacher SCREAMING in anger at my class, \nâ€œYOU DOâ€¦ https://t.co/iNzfgjVb9F","idk_skylar"
"negative","RT @rednym: Girl 1: Daddy, it's hot!!! *Amidst tears*ğŸ˜­ğŸ˜­ğŸ˜­\nMe: I'm sorry I forgot to tell you it's hotğŸ˜±\nGirl 1: You're a bad daddy... We'll nâ€¦","McCarthy_01"
"negative","RT @Rourou_Rourouu: @Soundarya_Says Me too ğŸ˜• Everyday I'm like: if events won't be better I'm gonna stop watching #Yemin \nUnfortunately, thâ€¦","Soundarya_Says"
"negative","RT @Rourou_Rourouu: @Soundarya_Says Me too ğŸ˜• Everyday I'm like: if events won't be better I'm gonna stop watching #Yemin \nUnfortunately, thâ€¦","Rourou_Rourouu"
"negative","RT @Rourou_Rourouu: @Soundarya_Says Me too ğŸ˜• Everyday I'm like: if events won't be better I'm gonna stop watching #Yemin \nUnfortunately, thâ€¦","zahros12"
"negative","@Soundarya_Says Me too ğŸ˜• Everyday I'm like: if events won't be better I'm gonna stop watching #Yemin \nUnfortunatelyâ€¦ https://t.co/KhAVOwCMCS","Rourou_Rourouu"
"negative","RT @niki_haviland: You know what really #GrindsMyGears... Stupid people at #Walmart that have more than the # of items allowed in the SPEEDâ€¦","taibori1"
"negative","RT @MissyKoas: Use that anger #Monbebe We wonâ€™t back down! ğŸ’ªğŸ˜¡\n\n#BreakTheWheelForMX7\n#ìš°ë¦¬ëŠ”_ë¶ˆì„ë°í_ë¶ˆê½ƒ \n@OfficialMonstaX\n@STARSHIPent https://t.câ€¦","AlineHaeberli"
"neutral","@Zigmanfreud Hubby says there's a blip/headline/click bait item on his internet newsfeed saying \"Army To Review Lt.â€¦ https://t.co/jbRDMnw48M","MJsTruth"
"negative","Use that anger #Monbebe We wonâ€™t back down! ğŸ’ªğŸ˜¡\n\n#BreakTheWheelForMX7\n#ìš°ë¦¬ëŠ”_ë¶ˆì„ë°í_ë¶ˆê½ƒ \n@OfficialMonstaX\n@STARSHIPent https://t.co/5iKgEwXxCD","MissyKoas"
"negative","I NEED to go to a shooting range sometime this week ... I need to release some anger out ğŸ˜ªğŸ˜¡","itsjustsheila_"
"negative","RT @niki_haviland: You know what really #GrindsMyGears... Stupid people at #Walmart that have more than the # of items allowed in the SPEEDâ€¦","B_MikeDshow"
"negative","RT @DiceProphet: The 5 Stages of Rolling a 1 in #DnD\n\n1) DENIAL: \"That's impossible!\" ğŸ˜±\n\n2) ANGER: \"FUCK THESE DICE!\" ğŸ˜¡\n\n3) BARGAINING: \"Buâ€¦","Frost_Effect"
"negative","@BlackMediaCrew the amount of anger that ran through my body when i see thisğŸ˜¡","dehewittt"
"negative","RT @icarusvicarus: @MXs_silverchain All the time ğŸ˜¡ğŸ˜¡ sometimes I feel really strong despair and then it just turns to anger when I think aboâ€¦","MXs_silverchain"
"negative","@aegibread his anger issues are too fudging much ğŸ˜¡","CH143_"
"negative","what a fuck day ğŸ˜¡ğŸ˜’ğŸ˜’ I swear I can't keep letting my anger control my life ğŸ˜’ğŸ˜’ shits annoying as hell fmlâ€¦ https://t.co/mtXadSMw8y","Fanboynchumchu1"
"negative","@tonytor791 No bro, my car is fucked up, I'm in pain, I lost my temper tonight! I'm venting alot of anger and emtioâ€¦ https://t.co/FfAwhSs1sA","Jhonny63217589"
"negative","RT @adrianw4real: i got a bunch of anger built up tonight! \niâ€™m not dealing with no mess ğŸ˜¡\ncome drop a follow and help me relieve stress wiâ€¦","Dentration"
"negative","RT @harley2k00: I really think I got anger issuesğŸ˜¡","CannonRocket"
"negative","i got a bunch of anger built up tonight! \niâ€™m not dealing with no mess ğŸ˜¡\ncome drop a follow and help me relieve strâ€¦ https://t.co/WvKVYfks3i","adrianw4real"
"positive","RT @JimmiDoodle: Best we all get used to this! ğŸ˜¡ğŸ¾ğŸ˜ˆ\nAlong with the rest of my fellow Australians, l can't help but feel anger &amp; soul destroyâ€¦","nobby15"
"negative","RT @DiceProphet: The 5 Stages of Rolling a 1 in #DnD\n\n1) DENIAL: \"That's impossible!\" ğŸ˜±\n\n2) ANGER: \"FUCK THESE DICE!\" ğŸ˜¡\n\n3) BARGAINING: \"Buâ€¦","lightninggayrow"
"negative","RT @DiceProphet: The 5 Stages of Rolling a 1 in #DnD\n\n1) DENIAL: \"That's impossible!\" ğŸ˜±\n\n2) ANGER: \"FUCK THESE DICE!\" ğŸ˜¡\n\n3) BARGAINING: \"Buâ€¦","_ricecooker"
"negative","RT @DiceProphet: The 5 Stages of Rolling a 1 in #DnD\n\n1) DENIAL: \"That's impossible!\" ğŸ˜±\n\n2) ANGER: \"FUCK THESE DICE!\" ğŸ˜¡\n\n3) BARGAINING: \"Buâ€¦","Shimmeling"
"negative","RT @DiceProphet: The 5 Stages of Rolling a 1 in #DnD\n\n1) DENIAL: \"That's impossible!\" ğŸ˜±\n\n2) ANGER: \"FUCK THESE DICE!\" ğŸ˜¡\n\n3) BARGAINING: \"Buâ€¦","Animuncula"
"negative","Stage of grief ... ANGER ğŸ˜¡","veeTHEvisionary"
"negative","RT @DiceProphet: The 5 Stages of Rolling a 1 in #DnD\n\n1) DENIAL: \"That's impossible!\" ğŸ˜±\n\n2) ANGER: \"FUCK THESE DICE!\" ğŸ˜¡\n\n3) BARGAINING: \"Buâ€¦","Fronkensteen"
"negative","RT @DiceProphet: The 5 Stages of Rolling a 1 in #DnD\n\n1) DENIAL: \"That's impossible!\" ğŸ˜±\n\n2) ANGER: \"FUCK THESE DICE!\" ğŸ˜¡\n\n3) BARGAINING: \"Buâ€¦","DeptheSierra"
"negative","RT @DiceProphet: The 5 Stages of Rolling a 1 in #DnD\n\n1) DENIAL: \"That's impossible!\" ğŸ˜±\n\n2) ANGER: \"FUCK THESE DICE!\" ğŸ˜¡\n\n3) BARGAINING: \"Buâ€¦","dnd_retweets"
"negative","#when #your #moodswings #flying #and #changing #directions #like #given #below : -\n\n1. #anger ..ğŸ˜¡\n2. #slightlyâ€¦ https://t.co/aK9Unj60KW","tomr_tushar"
"negative","RT @DiceProphet: The 5 Stages of Rolling a 1 in #DnD\n\n1) DENIAL: \"That's impossible!\" ğŸ˜±\n\n2) ANGER: \"FUCK THESE DICE!\" ğŸ˜¡\n\n3) BARGAINING: \"Buâ€¦","DichotomusPrime"
"negative","You know what really #GrindsMyGears... Stupid people at #Walmart that have more than the # of items allowed in theâ€¦ https://t.co/tE6qpQ4Tp1","niki_haviland"
"negative","RT @DiceProphet: The 5 Stages of Rolling a 1 in #DnD\n\n1) DENIAL: \"That's impossible!\" ğŸ˜±\n\n2) ANGER: \"FUCK THESE DICE!\" ğŸ˜¡\n\n3) BARGAINING: \"Buâ€¦","DiceProphet"
"negative","RT @DiceProphet: The 5 Stages of Rolling a 1 in #DnD\n\n1) DENIAL: \"That's impossible!\" ğŸ˜±\n\n2) ANGER: \"FUCK THESE DICE!\" ğŸ˜¡\n\n3) BARGAINING: \"Buâ€¦","KitchnCalamid20"
"neutral","after 7 months on board, i now just realized my pet peeve is: people shoving my wrongs purposefully at my face andâ€¦ https://t.co/thJK7NEHX4","reydiculouz"
"positive","RT @JimmiDoodle: Best we all get used to this! ğŸ˜¡ğŸ¾ğŸ˜ˆ\nAlong with the rest of my fellow Australians, l can't help but feel anger &amp; soul destroyâ€¦","KerryAnnSmith1"
"negative","grrr enough being sad thereâ€™s nothing to be sad about when she caused you so much pain all youâ€™re supposed to feel is anger ğŸ˜¡","iluvjordans927"
"negative","RT @harley2k00: I really think I got anger issuesğŸ˜¡","maria_villafu18"
"negative","I really think I got anger issuesğŸ˜¡","harley2k00"
"negative","In a controversy the instant we feel anger we have already ceased striving for the truth, and have begun strivingâ€¦ https://t.co/LMBuSyXmd5","CoastQuote"
"negative","RT @KevanInSevan: Just saw Mike Tomlinâ€™s comments from today. Am I surprised?? Nope. Does it still anger me?? #Browns #Steelers ğŸ˜¡ https://tâ€¦","janafenstamaker"
"negative","RT @KevanInSevan: Just saw Mike Tomlinâ€™s comments from today. Am I surprised?? Nope. Does it still anger me?? #Browns #Steelers ğŸ˜¡ https://tâ€¦","JRamkey"
"negative","Just saw Mike Tomlinâ€™s comments from today. Am I surprised?? Nope. Does it still anger me?? #Browns #Steelers ğŸ˜¡ https://t.co/mswAGryQ2U","KevanInSevan"
"negative","@Jim_Jordan Why is it your always so angry ğŸ˜¡ you can make a point without your anger!","enriquez_nunez"
"negative","Girl 1: Daddy, it's hot!!! *Amidst tears*ğŸ˜­ğŸ˜­ğŸ˜­\nMe: I'm sorry I forgot to tell you it's hotğŸ˜±\nGirl 1: You're a bad daddâ€¦ https://t.co/CaQ5E7Ck3b","rednym"
"negative","@BitchyWitch9 ğŸ˜¡ğŸ˜¡ğŸ˜¡\nGreer anger on your behalf!!!\n\nPanda hugs to you, with lots of love!! https://t.co/vHqMwUvxQq","PanRose30"
"negative","Where can I listen to this interview? I want to hear it so I can really vent my anger at those two unprofessional arseholes ğŸ˜¡ğŸ˜¡ğŸ˜¡ğŸ˜¡ğŸ˜¡","Harrys3rdNipple"
"positive","RT @aslongasunow: #HongKong Rioters burn a man alive Just because he does not agree with them arguing with them!!Are they still even humanbâ€¦","JEFERSONFREPRES"
"positive","RT @cmkv181: The spaces have gentle names: The reflection room. The cool-down room. The calming room. The quiet room.\nBut shut inside them.â€¦","maggiebeneke"
"positive","Thatâ€™s awesome ğŸ˜‚ â€œTHE RAGE RIDERâ€: The Anger-Powered Scooter ğŸ˜¡ğŸ›´ made by @AngryBirds for their 10 years Anniversary!\n https://t.co/gudk4URWaA","ju_toth"
"negative","RT @aroberts3016: @6549lmartin Imagine that, a liberal showing anger and violence.\nIâ€™m sure itâ€™s Trump's fault....ğŸ‘ğŸ˜¡","JohnDoe34026508"
"negative","RT @aroberts3016: @6549lmartin Imagine that, a liberal showing anger and violence.\nIâ€™m sure itâ€™s Trump's fault....ğŸ‘ğŸ˜¡","CrystalMuse8"
"negative","RT @aroberts3016: @6549lmartin Imagine that, a liberal showing anger and violence.\nIâ€™m sure itâ€™s Trump's fault....ğŸ‘ğŸ˜¡","6549lmartin"
"negative","@6549lmartin Imagine that, a liberal showing anger and violence.\nIâ€™m sure itâ€™s Trump's fault....ğŸ‘ğŸ˜¡","aroberts3016"
"negative","People anger me so much Why when Corbyn says â€œthe poorest people in the world...â€ you get someone in the audience sâ€¦ https://t.co/w6c7JRKvtZ","JoanneMcMinn1"
"negative","RT @Mara_OReilly: Just hearing these DEMS even MENTION the word \"Server\" results in both bile &amp; anger. \nIt's UNBELIEVABLE to me that we areâ€¦","Dainty128006177"
"negative","no talk with me im angerğŸ˜¡","AppleHasThanks"
"negative","@MXs_silverchain All the time ğŸ˜¡ğŸ˜¡ sometimes I feel really strong despair and then it just turns to anger when I thinâ€¦ https://t.co/aD0ofKAaWD","icarusvicarus"
"positive","RT @JimmiDoodle: Best we all get used to this! ğŸ˜¡ğŸ¾ğŸ˜ˆ\nAlong with the rest of my fellow Australians, l can't help but feel anger &amp; soul destroyâ€¦","BobBrace2"
"negative","@sam_sahara_dune @MindofSmithy Same. They bring out anger in me Iâ€™ve never felt before. ğŸ˜¡","sexydexyflexy"
"negative","RT @GopikiKakiJi: @pooja31196 That #SiddharthShukla is a MAHA BADTAMIZ Aadmi, itna hi anger ka issue hai usko to kisi asylum mein hona chahâ€¦","pooja31196"
"negative","@pooja31196 That #SiddharthShukla is a MAHA BADTAMIZ Aadmi, itna hi anger ka issue hai usko to kisi asylum mein honâ€¦ https://t.co/ue2DTUleu1","GopikiKakiJi"
"negative","RT @Mara_OReilly: Just hearing these DEMS even MENTION the word \"Server\" results in both bile &amp; anger. \nIt's UNBELIEVABLE to me that we areâ€¦","rsaamodtgmailc1"
"negative","In today's full show, Siddhartha was wrong coz There was no need for Asim to go and speak in angerğŸ˜¡\n#WeLoveAsimRiazâ€¦ https://t.co/v6Pzh49RA2","akshay0181993"
"negative","RT @MaureenR8209: @Jim_Jordan should've used that anger towards Richard Strauss, the team DR that molested all of the boys on his wrestlingâ€¦","mitch2012"
"negative","RT @MaureenR8209: @Jim_Jordan should've used that anger towards Richard Strauss, the team DR that molested all of the boys on his wrestlingâ€¦","uncagedgypsy"
"negative","RT @MaureenR8209: @Jim_Jordan should've used that anger towards Richard Strauss, the team DR that molested all of the boys on his wrestlingâ€¦","stopasec"
"negative","@Jim_Jordan should've used that anger towards Richard Strauss, the team DR that molested all of the boys on his wreâ€¦ https://t.co/YeFvRv7HnR","MaureenR8209"
"negative","RT @Mara_OReilly: Just hearing these DEMS even MENTION the word \"Server\" results in both bile &amp; anger. \nIt's UNBELIEVABLE to me that we areâ€¦","KennMizell"
"positive","RT @aslongasunow: #HongKong Rioters burn a man alive Just because he does not agree with them arguing with them!!Are they still even humanbâ€¦","Prisms2Onions"
"negative","RT @Mara_OReilly: Just hearing these DEMS even MENTION the word \"Server\" results in both bile &amp; anger. \nIt's UNBELIEVABLE to me that we areâ€¦","anaelena12345"
"negative","RT @Mara_OReilly: Just hearing these DEMS even MENTION the word \"Server\" results in both bile &amp; anger. \nIt's UNBELIEVABLE to me that we areâ€¦","onlinesales4u"
"negative","Just hearing these DEMS even MENTION the word \"Server\" results in both bile &amp; anger. \nIt's UNBELIEVABLE to me thatâ€¦ https://t.co/Eh9z5elINt","Mara_OReilly"
"positive","I just can't deal with these #ImpeachmentHearings and the #GOPs. ğŸ˜¡ğŸ¤¬Please send me funny/happy pics or gifs to distract me from this anger.","thatgirlxf"
"positive","RT @cmkv181: The spaces have gentle names: The reflection room. The cool-down room. The calming room. The quiet room.\nBut shut inside them.â€¦","C_Coolidge"
"negative","@Slimecicle umm this is rude I'm telling the head teacher and you'll go on naughty step. ğŸ˜¡Anger emogi","Cal2391"
"negative","RT @DarrenPlymouth: ğŸ˜¡Anger, Anger, Jeremy Corbyn.\n\nâš¡ï¸Danger, Danger, Jeremy Corbyn.\n\nğŸ—¡ï¸Terror, Terror, Jeremy Corbyn.\n\nğŸ¤¥Lies, Lies, Jeremyâ€¦","DavidBe53084531"
"positive","The spaces have gentle names: The reflection room. The cool-down room. The calming room. The quiet room.\nBut shut iâ€¦ https://t.co/G53SrntrkV","cmkv181"
"negative","FRICK. \n\nOnly got rank 3 90% ;(.\n\nIf only I didn't spend 8 hours mindlessly afk in Hillsbrad.\n\nGonna go take my angâ€¦ https://t.co/mNoyaYCi2R","sonii"
"negative","RT @Surbhi_loveLife: Expression under 10 seconds from angerâ€”&gt; rageâ€”&gt; helplessâ€”&gt; sadâ€”&gt; shatteredğŸ˜ ğŸ˜¡ğŸ˜ğŸ˜­ğŸ˜¢\n\n#ShaheerSheikh you nailed each one ofâ€¦","reva3333"
"positive","RT @aslongasunow: #HongKong Rioters burn a man alive Just because he does not agree with them arguing with them!!Are they still even humanbâ€¦","GrinchyPJ"
"positive","RT @aslongasunow: #HongKong Rioters burn a man alive Just because he does not agree with them arguing with them!!Are they still even humanbâ€¦","CharlieFrederix"
"negative","RT @Surbhi_loveLife: Expression under 10 seconds from angerâ€”&gt; rageâ€”&gt; helplessâ€”&gt; sadâ€”&gt; shatteredğŸ˜ ğŸ˜¡ğŸ˜ğŸ˜­ğŸ˜¢\n\n#ShaheerSheikh you nailed each one ofâ€¦","ParnaBose2"
"negative","Oasis said â€œDonâ€™t look back in angerâ€, well fuck that. Good luck for a sensible verdict, then get some justice of yâ€¦ https://t.co/GOLsK9CuLU","andygosling2"
"positive","RT @Gina4Trump: The 2020 election is even more important than 2016. We have got to take the House back and put an end to this crap!ğŸ˜¡\n\nTheyâ€¦","xformed"
"negative","RT @KitchenSprout: Life has never ğŸš« given me lemons...ğŸ‹ğŸ‹ğŸ‹ \nIt has given me anger ğŸ¤¬ issues\nAnxiety ğŸ˜©\nLove â¤ï¸ for alcohol ğŸ· \nSerious dislikeğŸ˜¡â€¦","cowineco"
"negative","RT @KitchenSprout: Life has never ğŸš« given me lemons...ğŸ‹ğŸ‹ğŸ‹ \nIt has given me anger ğŸ¤¬ issues\nAnxiety ğŸ˜©\nLove â¤ï¸ for alcohol ğŸ· \nSerious dislikeğŸ˜¡â€¦","essox2"
"negative","anger stranger mood rn. ğŸ˜¤âš”ï¸","DatLoserTsuna_"
"negative","This right here..... ğŸ˜¤ğŸ˜¤ğŸ˜¡ i swear the anger that boils in me when i see shit like this. https://t.co/q21QWPRjLH","Yoboii_Dro"
"negative","@AndrewYang ANGER THE BEEES WE DONT CARE WE WANT THE HONEY â€¼ï¸ğŸ˜¤","ramirozj"
"negative","I think I got anger issues ğŸ˜‚ğŸ˜‚ğŸ˜¤","yvng_bae"
"negative","RT @cdcoy7: -fear\n-anger\n-addiction\n-indifference\n-resentment\n-depression\n\nAll hide behind walls.\n        \n                     âœŠâ€¦","Flyingpenguin63"
"negative","RT @cdcoy7: -fear\n-anger\n-addiction\n-indifference\n-resentment\n-depression\n\nAll hide behind walls.\n        \n                     âœŠâ€¦","becca_ReSISTER"
"negative","RT @cdcoy7: -fear\n-anger\n-addiction\n-indifference\n-resentment\n-depression\n\nAll hide behind walls.\n        \n                     âœŠâ€¦","Cptnrwrpnts"
"negative","RT @cdcoy7: -fear\n-anger\n-addiction\n-indifference\n-resentment\n-depression\n\nAll hide behind walls.\n        \n                     âœŠâ€¦","CrownsAndThings"
"negative","-fear\n-anger\n-addiction\n-indifference\n-resentment\n-depression\n\nAll hide behind walls.â€¦ https://t.co/ZXGfeQDgIP","cdcoy7"
"negative","RT @_blixkygirl: So much anger in me ğŸ˜¤ shit be tearing me up ğŸ’¯ I can be happy one moment then angry the next .","Nasiaaaxx_"
"negative","Nigga fell bac in his old anger problems and been flashing out every day soon as I wake upğŸ˜¤","ynic_regg"
"negative","If there is one video that can evoke nausea, anger, annoyance &amp; disdain all the same time...... Itâ€™s this one ğŸ˜¤ https://t.co/I1Qs3Tz0bq","lovelaidbare"
"negative","i need to start going to anger management ğŸ˜¬ğŸ˜¤","RowdyRiss"
"negative","Do not pursue meğŸ™…ğŸ½â€â™€ï¸Iâ€™m toxic, I have trust issues, I canâ€™t control my anger, I cuss too much and just to add a liâ€¦ https://t.co/8iR5OcBOk8","iam_taytay_21"
"negative","RT @Joshua_Ubeku: Every time Siuuuâ€™s fans see those numbers attached to Lithuania, Andorra, Armenia, Latvia and Luxembourg, their anger incâ€¦","Vintage_Veteran"
"negative","The amount of anger my hair is causing me today is unbelievableğŸ˜¤","mirellagamez54"
"negative","@McGregorRousey2 Furious. Just punched the wall in anger. Dana has gone and screwed up again. It was the most obvioâ€¦ https://t.co/tzknhppgDY","NickDiaz209What"
"neutral","RT @johnplantaseed: @Tre_undivided @Tee2019K @Q_undivided @malski1954 @KG2651 @plain_not @Spectrum2Angels @MargereyC @PatriotRising1 @ehlerâ€¦","shootmupintx"
"positive","Loosing the remote in bed has got to be one of the most irritating things, anger levels fly high ğŸ˜¤ğŸ˜’","beccahodgkinson"
"neutral","RT @johnplantaseed: @Tre_undivided @Tee2019K @Q_undivided @malski1954 @KG2651 @plain_not @Spectrum2Angels @MargereyC @PatriotRising1 @ehlerâ€¦","TexasMadDog11"
"neutral","RT @johnplantaseed: @Tre_undivided @Tee2019K @Q_undivided @malski1954 @KG2651 @plain_not @Spectrum2Angels @MargereyC @PatriotRising1 @ehlerâ€¦","KBUSMC2"
"neutral","@Tre_undivided @Tee2019K @Q_undivided @malski1954 @KG2651 @plain_not @Spectrum2Angels @MargereyC @PatriotRising1â€¦ https://t.co/LzWaq3gt98","johnplantaseed"
"negative","Y'all, I know it's not good to hold onto anger, but I just need y'all to know that I thought about some friends thaâ€¦ https://t.co/zd1b71WTGw","thewenchworks"
"negative","I have a basketball game and letâ€™s just say i have some anger built up to unleash ğŸ˜¤","NickMckenzieYT"
"negative","So much anger in me ğŸ˜¤ shit be tearing me up ğŸ’¯ I can be happy one moment then angry the next .","_blixkygirl"
"negative","RT @Joshua_Ubeku: Every time Siuuuâ€™s fans see those numbers attached to Lithuania, Andorra, Armenia, Latvia and Luxembourg, their anger incâ€¦","anony_mous_dude"
"negative","The easiest way to anger me....just say she was wrongğŸ˜¤ https://t.co/GQm60Iref7","_qutnosity"
"positive","Test my anger im capable to pop your top off ğŸ˜¤","sk33_sk33"
"negative","RT @Joshua_Ubeku: Every time Siuuuâ€™s fans see those numbers attached to Lithuania, Andorra, Armenia, Latvia and Luxembourg, their anger incâ€¦","oheneba08"
"negative","RT @Joshua_Ubeku: Every time Siuuuâ€™s fans see those numbers attached to Lithuania, Andorra, Armenia, Latvia and Luxembourg, their anger incâ€¦","ThomasOgooluwa"
"positive","Smh they didn't even nominate Ring Fit Adventure for the best RPG game, I'm truly disappointed inâ€¦ https://t.co/WhyxOKq3ij","Se1fedd1n"
"negative","okay anger lets go to bed,we need energy for tmr ğŸ˜¤","wrdnarzli"
"negative","RT @Joshua_Ubeku: Every time Siuuuâ€™s fans see those numbers attached to Lithuania, Andorra, Armenia, Latvia and Luxembourg, their anger incâ€¦","gunsbugsnpower"
"negative","RT @CNET: 5 ways to deal with anger ğŸ˜¤\n\nğŸ§˜â€â™€ï¸ Meditate \nğŸ’¨ Take deep breaths\nğŸ—£ Talk to a therapist or a neautral person\nğŸ§  Be proactive\nğŸ‘Ÿ Exercâ€¦","plusleg1rl2015"
"negative","RT @Joshua_Ubeku: Every time Siuuuâ€™s fans see those numbers attached to Lithuania, Andorra, Armenia, Latvia and Luxembourg, their anger incâ€¦","MkVaibhav"
"negative","RT @Joshua_Ubeku: Every time Siuuuâ€™s fans see those numbers attached to Lithuania, Andorra, Armenia, Latvia and Luxembourg, their anger incâ€¦","abiodundayo"
"negative","RT @Joshua_Ubeku: Every time Siuuuâ€™s fans see those numbers attached to Lithuania, Andorra, Armenia, Latvia and Luxembourg, their anger incâ€¦","SIDE1K"
"negative","RT @Joshua_Ubeku: Every time Siuuuâ€™s fans see those numbers attached to Lithuania, Andorra, Armenia, Latvia and Luxembourg, their anger incâ€¦","oluwasoresamuel"
"negative","RT @ValentinaND_: My past will always haunt me, I should have never done this to her I had anger problems ğŸ˜¤but next time donâ€™t steal. httpsâ€¦","xoitsell"
"positive","Oss itâ€™s really no anger worse than a kid talking to you early in the morning without brushing their teeth ğŸ˜¤. Whateâ€¦ https://t.co/4RuqDg1WAq","Shonda2300"
"negative","RT @Joshua_Ubeku: Every time Siuuuâ€™s fans see those numbers attached to Lithuania, Andorra, Armenia, Latvia and Luxembourg, their anger incâ€¦","realMuhammad01"
"negative","RT @ValentinaND_: My past will always haunt me, I should have never done this to her I had anger problems ğŸ˜¤but next time donâ€™t steal. httpsâ€¦","ManLikeDavid"
"negative","Magtuon turns into tweeting with ANGER ğŸ¤¬ğŸ˜¤","jahsuahplenos1"
"negative","RT @Joshua_Ubeku: Every time Siuuuâ€™s fans see those numbers attached to Lithuania, Andorra, Armenia, Latvia and Luxembourg, their anger incâ€¦","el_ahmdo"
"negative","@CultAmbassador Dont try to make anger cool off by calling me baby.. It wont workğŸ˜¤ğŸ˜¤","MerlindaNr_00"
"neutral","Every time Siuuuâ€™s fans see those numbers attached to Lithuania, Andorra, Armenia, Latvia and Luxembourg, their angâ€¦ https://t.co/VxCrBmeXQf","Joshua_Ubeku"
"positive","#JodyOnTheShow? This whole, thing, feels like what drowning, must feel like?ğŸ˜£ #Panic!ğŸ˜µğŸ˜± #Sadness!ğŸ˜­ #Confusion!ğŸ¤”â€¦ https://t.co/TaxYe2rxTl","jboogiebrown"
"negative","@jason_kint @zipillinois @mariaressa ğŸ˜¤ Face W/ Steam From Nose. A yellow face with closed eyes, furrowed eyebrows,â€¦ https://t.co/AaTTI7pdDL","bjmisme"
"negative","IM FUMING NOW THAT I EXPRESSED MY FUCKING ANGER LIKE IVE BEEN HOLDING IT THIS FUCKING LONG ğŸ˜¤","jzriii_"
"negative","RT @RiRi_Nkuna: Iâ€™m raging with anger! ğŸ˜¤","nkulipp"
"negative","Iâ€™m raging with anger! ğŸ˜¤","RiRi_Nkuna"
"negative","RT @mannyDhillon916: one bad thing i hate bout me is my anger ğŸ™„ğŸ˜¤","maannddiip1"
"negative","Insomnia &amp; anger ğŸ˜¤","sammiiv__"
"negative","@_nestorvelez @adam_bimboo Anger issue???Claro que sÃ­, saber Dios, los regueros que le hace el muchachito???No sÃ©â€¦ https://t.co/nA63n0cMen","zaskia_valerio"
"positive","@__PeterHan__ ğŸ’œğŸ³ï¸â€ğŸŒˆğŸ˜­ğŸ™‹â€â™€ï¸ğŸ˜¯ğŸ’–ğŸ¥ºğŸ˜‚ğŸ¤ªğŸ˜¤ğŸ±ğŸ˜lowkey me in 2018 when i figured out i liked my straight af friend and i went throuâ€¦ https://t.co/q4H8BOlT9e","fuck_me_taetae"
"negative","@jimmy_G236 I canâ€™t. Look at the anger and rage in his face every time he hits her. The â€œitâ€™s what siblings doâ€ excâ€¦ https://t.co/eymm1stxO7","ReedwiththeRead"
"positive","RT @_JRobles71: I was enjoying my pancakes at Norms but then I remembered John Gibson was our goalie, not Freddie Andersen and I got so flaâ€¦","Louisx209"
"positive","RT @_JRobles71: I was enjoying my pancakes at Norms but then I remembered John Gibson was our goalie, not Freddie Andersen and I got so flaâ€¦","CNP_91"
"positive","RT @_JRobles71: I was enjoying my pancakes at Norms but then I remembered John Gibson was our goalie, not Freddie Andersen and I got so flaâ€¦","TboneSlapshot"
"positive","I was enjoying my pancakes at Norms but then I remembered John Gibson was our goalie, not Freddie Andersen and I goâ€¦ https://t.co/eZYWhOulUd","_JRobles71"
"negative","Yâ€™all know the number to anger management cause I think ya girl needs it ğŸ˜¤","cryyssstal"
"negative","Bro I Just Wanna Fuck My Anger Out Into Shorty ğŸ˜¤ğŸ¥µ https://t.co/bGh5JcWNiD","ARIGATOICHIKU"
"negative","one bad thing i hate bout me is my anger ğŸ™„ğŸ˜¤","mannyDhillon916"
"negative","RT @xaipityu: ğŸ˜¥ğŸ˜¥ğŸ˜¥ why do i feel Amanda's pain through her anger.. sabi na eh..dapat kinalbo ko c boo--shit nayun....pero ha..makapal mukha.â€¦","ohitshanieee"
"negative","ğŸ˜¥ğŸ˜¥ğŸ˜¥ why do i feel Amanda's pain through her anger.. sabi na eh..dapat kinalbo ko c boo--shit nayun....pero ha..makaâ€¦ https://t.co/jzsJ1lHVgk","xaipityu"
"positive","F*cking cow I wanted to shout â€˜HE SAID LIGHT B*TCH!!â€™ ğŸ˜­ lol \n\nFFS. Lemme just channel that anger, keep sparring andâ€¦ https://t.co/43vAPU6bcO","ChileChips"
"negative","RT @ManuelaIzunwa: ğŸ˜ ğŸ˜¡ğŸ˜¤ğŸ˜¡ğŸ˜ \nAnger is one sin Christians are not ashamed off. I don't know why. If you ask, \"what's your personal weakness or sâ€¦","pecupoop"
"negative","@jongoutsold ğŸ˜¤ğŸ˜¤ğŸ˜¤ OMG...why does biology hate women SMH if we're gonna bleed every month at least make it painless!!â€¦ https://t.co/yyHxmm2qq0","tremmy_chii"
"negative","ğŸ™ƒğŸ™ƒğŸ™ƒğŸ™ƒğŸ™ƒğŸ™ƒğŸ™ƒğŸ™ƒğŸ™ƒğŸ™ƒğŸ™ƒğŸ™ƒğŸ™ƒğŸ™ƒğŸ™ƒğŸ™ƒğŸ™ƒğŸ™ƒğŸ™ƒğŸ™ƒğŸ™ƒğŸ™ƒğŸ™ƒğŸ™ƒğŸ™ƒğŸ™ƒğŸ™ƒğŸ™ƒğŸ™ƒğŸ™ƒğŸ™ƒğŸ™ƒğŸ™ƒğŸ™ƒğŸ™ƒğŸ™ƒğŸ™ƒğŸ™ƒğŸ™ƒğŸ™ƒğŸ™ƒğŸ™ƒğŸ™ƒğŸ™ƒğŸ™ƒğŸ™ƒğŸ™ƒğŸ™ƒ\nThis is me tryin to hold back so much anger!!!!! Because Iâ€™m trynaâ€¦ https://t.co/6ehsJApApe","PrettyLiLoner"
"negative","@dongswhore We called it growth ğŸ˜¤ hdhxhxhz priv acc really help with anger management ğŸ˜­","dongiforlife"
"negative","Was this close ğŸ‘ŒğŸ½to slapping a crackhead just now ğŸ˜¤ but Iâ€™m working on my anger.","DidjaDashing"
"neutral","What type of bs is this ğŸ˜¤ https://t.co/AZOKUOZvdT","Rage_Anger"
"neutral","@DonnyGolfGirl @JamesSavageFJ Know that all too well. Just joined @PhoenixGolfClub from Tinsley GC and still not beâ€¦ https://t.co/saP0Er1lCR","ianroberts1962"
"negative","I hate it when youâ€™re angry at her, and youâ€™re both suppose to meet up to talk about it, but then you see her, andâ€¦ https://t.co/QRbI5CEiGc","kark_g"
"negative","@Preeran8 @ZeeTV @ektaravikapoor @BTL_Balaji @ZEE5Shows @DheerajDhoopar @AryaSmilesa Hatred, anger, sadness everythâ€¦ https://t.co/IQd9iNkeJD","arhi_preeran"
"negative","RT @n0upperlip: knowing that I didnâ€™t go brunette sooner will anger me for the rest of eternity ğŸ˜¤ğŸ˜¤ğŸ˜¤ğŸ˜¤ğŸ˜¤ https://t.co/J7QkBoq5k4","erinconrad503"
"negative","RT @ManuelaIzunwa: ğŸ˜ ğŸ˜¡ğŸ˜¤ğŸ˜¡ğŸ˜ \nAnger is one sin Christians are not ashamed off. I don't know why. If you ask, \"what's your personal weakness or sâ€¦","nguriri"
"negative","ğŸ˜¡ğŸ˜¡ğŸ˜¡ğŸ˜¡ğŸ˜¡ğŸ˜¡ğŸ˜¡ğŸ˜¤ğŸ˜¤ğŸ˜¤ğŸ˜¤ğŸ˜¤ğŸ˜¤ğŸ˜¤ğŸ˜¤ğŸ˜¤ğŸ˜¤ğŸ¤¬ğŸ¤¬ğŸ¤¬ğŸ¤¬ğŸ¤¬ğŸ¤¬ğŸ¤¬ğŸ¤¬ I know all of this legal shit and everything but just let me roast in my anger so I donâ€™tâ€¦ https://t.co/FYnbvVughW","xswtsimplicity"
"negative","knowing that I didnâ€™t go brunette sooner will anger me for the rest of eternity ğŸ˜¤ğŸ˜¤ğŸ˜¤ğŸ˜¤ğŸ˜¤ https://t.co/J7QkBoq5k4","n0upperlip"
"negative","ğŸ˜ ğŸ˜¡ğŸ˜¤ğŸ˜¡ğŸ˜ \nAnger is one sin Christians are not ashamed off. I don't know why. If you ask, \"what's your personal weaknessâ€¦ https://t.co/d9gevuwF0t","ManuelaIzunwa"
"negative","could barely watch episode one of unbelievable through my anger ğŸ˜¤ no wonder r*pe victims don't come forward, they hâ€¦ https://t.co/hcKhEJF8oe","fitzwilliamsolo"
"positive","@zoey_river Oh I don't know.  I flipped and flopped so many times. Wait until anger sets in. Not the pissy kind. Thâ€¦ https://t.co/jodCYkeGAd","KimberleyCoultr"
"negative","he said iys heart filled wiyh ANGERğŸ˜¤","eatthebitchs"
"negative","#Period symptoms as Brian painting emotions from #Spaced \nANGER ğŸ˜¤ https://t.co/OEHbTwV8Q9","OrangesSalt"
"negative","Haters= having anger towards everyone reaching successğŸ˜¤ plz report this shit https://t.co/bnHZzApFEX","Ladeesha5"
"negative","RT @CNET: 5 ways to deal with anger ğŸ˜¤\n\nğŸ§˜â€â™€ï¸ Meditate \nğŸ’¨ Take deep breaths\nğŸ—£ Talk to a therapist or a neutral person\nğŸ§  Be proactive\nğŸ‘Ÿ Exerciâ€¦","DraganKostic_87"
"negative","RT @devkhoded: It's one thing to code \n\nIt's another thing to fully know Data structures and algorithms\n\nğŸ˜¤ğŸ˜¤ğŸ˜¤The anger in me right now","bahbzz"
"negative","RT @CNET: 5 ways to deal with anger ğŸ˜¤\n\nğŸ§˜â€â™€ï¸ Meditate \nğŸ’¨ Take deep breaths\nğŸ—£ Talk to a therapist or a neutral person\nğŸ§  Be proactive\nğŸ‘Ÿ Exerciâ€¦","Kart0050"
"negative","@PatriotDrop @NRA @GOP ğŸ˜¤ There. I put my anger someplace else dick.","dweezycpt"
"negative","Just got anger built up and donâ€™t even know where it coming from  ğŸ˜¤","_OgSmitt_"
"negative","RT @Sense1D: EMOÃ‡Ã•ES EM INGLÃŠS\n\nğŸ˜¯ - SURPRESO = SURPRISIDE\nğŸ˜ - FELIZ           = HAPPY\nğŸ˜¥ - TRISTE        = SAD\nğŸ˜¤ - RAIVA          = ANGER\nğŸ˜±â€¦","JB1Demi"
"negative","RT @Sense1D: EMOÃ‡Ã•ES EM INGLÃŠS\n\nğŸ˜¯ - SURPRESO = SURPRISIDE\nğŸ˜ - FELIZ           = HAPPY\nğŸ˜¥ - TRISTE        = SAD\nğŸ˜¤ - RAIVA          = ANGER\nğŸ˜±â€¦","missGlGr"
"positive","EMOÃ‡Ã•ES EM INGLÃŠS\n\nğŸ˜¯ - SURPRESO = SURPRISIDE\nğŸ˜ - FELIZ           = HAPPY\nğŸ˜¥ - TRISTE        = SAD\nğŸ˜¤ - RAIVAâ€¦ https://t.co/un98o7hvO1","Sense1D"
"negative","Anyone ever just get so sick of everything to the point where if anyone talks to you, you just wanna rip their throâ€¦ https://t.co/nHeZkmH3fm","SSkull03"
"negative","Too much anger inside ğŸ˜¤","KirahhhhhAaleaa"
"negative","This lil daughter of mine have anger issues already ğŸ˜¤","GotaLUV_Bri"
"negative","RT @CNET: 5 ways to deal with anger ğŸ˜¤\n\nğŸ§˜â€â™€ï¸ Meditate \nğŸ’¨ Take deep breaths\nğŸ—£ Talk to a therapist or a neutral person\nğŸ§  Be proactive\nğŸ‘Ÿ Exerciâ€¦","ChimbaaT"
"negative","RT @CNET: 5 ways to deal with anger ğŸ˜¤\n\nğŸ§˜â€â™€ï¸ Meditate \nğŸ’¨ Take deep breaths\nğŸ—£ Talk to a therapist or a neautral person\nğŸ§  Be proactive\nğŸ‘Ÿ Exercâ€¦","maguilar2000"
"negative","@always_your_mbb Yeah just working on the anger management and not saying rude things on the internet ğŸ˜¤","monbabys_x"
"negative","Iâ€™m feeling post molly anger instead of depression ğŸ˜¤ is that normal??","_torsss_"
"negative","What kid are you in the school?\n\nğŸ˜:cool kid\nğŸ¤¡:class clown\nğŸ˜:flirty kid\nğŸ¤ª:crazy one\nğŸ¤¬:anger issues kid\nğŸ¤“:nerd\nğŸ˜°:shyâ€¦ https://t.co/WHWloBtTaN","PinkyThePiglett"
"negative","RT @igetloudtff: Trying to put the ball on a piercing causes a type of anger I didnâ€™t know existed ğŸ¤¬","nina_apolonia"
"negative","RT @niki_haviland: You know what really #GrindsMyGears... Stupid people at #Walmart that have more than the # of items allowed in the SPEEDâ€¦","taibori1"
"negative","@jooeysiiu It is totally insane. I can't express my anger towards riot police ğŸ¤¬. What had the student done?? They aâ€¦ https://t.co/2pmwGS4GXz","CeciliaLo7"
"negative","RT @niki_haviland: You know what really #GrindsMyGears... Stupid people at #Walmart that have more than the # of items allowed in the SPEEDâ€¦","B_MikeDshow"
"negative","RT @igetloudtff: Trying to put the ball on a piercing causes a type of anger I didnâ€™t know existed ğŸ¤¬","bonnitaapplebum"
"negative","RT @TaraSetmayer: This brought tears to my eyes, for the 2nd time, during #ImpeachmentHearings \n\nSo many emotionsğŸ¤¦ğŸ½â€â™€ï¸\n\nFrom anger to prideâ€¦","TheRealNedjyne"
"negative","The amount of anger I have in my system rn is indescribable ğŸ¤¬","Antferrer96"
"negative","RT @TaraSetmayer: This brought tears to my eyes, for the 2nd time, during #ImpeachmentHearings \n\nSo many emotionsğŸ¤¦ğŸ½â€â™€ï¸\n\nFrom anger to prideâ€¦","Librarian45"
"negative","What to REALLY expect - Anger, stupidity, a bunch of selfish jerks who agree with each other on like 90% of things,â€¦ https://t.co/uPltq0kEYI","MarkBrokeIt"
"negative","RT @TaraSetmayer: This brought tears to my eyes, for the 2nd time, during #ImpeachmentHearings \n\nSo many emotionsğŸ¤¦ğŸ½â€â™€ï¸\n\nFrom anger to prideâ€¦","Maryannepaulso3"
"negative","RT @TaraSetmayer: This brought tears to my eyes, for the 2nd time, during #ImpeachmentHearings \n\nSo many emotionsğŸ¤¦ğŸ½â€â™€ï¸\n\nFrom anger to prideâ€¦","Di438"
"negative","RT @TaraSetmayer: This brought tears to my eyes, for the 2nd time, during #ImpeachmentHearings \n\nSo many emotionsğŸ¤¦ğŸ½â€â™€ï¸\n\nFrom anger to prideâ€¦","e1watcher"
"negative","RT @TaraSetmayer: This brought tears to my eyes, for the 2nd time, during #ImpeachmentHearings \n\nSo many emotionsğŸ¤¦ğŸ½â€â™€ï¸\n\nFrom anger to prideâ€¦","DesjardinsKarla"
"negative","RT @TaraSetmayer: This brought tears to my eyes, for the 2nd time, during #ImpeachmentHearings \n\nSo many emotionsğŸ¤¦ğŸ½â€â™€ï¸\n\nFrom anger to prideâ€¦","LipsonIlene"
"negative","RT @TaraSetmayer: This brought tears to my eyes, for the 2nd time, during #ImpeachmentHearings \n\nSo many emotionsğŸ¤¦ğŸ½â€â™€ï¸\n\nFrom anger to prideâ€¦","Cheria63"
"negative","RT @TaraSetmayer: This brought tears to my eyes, for the 2nd time, during #ImpeachmentHearings \n\nSo many emotionsğŸ¤¦ğŸ½â€â™€ï¸\n\nFrom anger to prideâ€¦","AJHolland01"
"negative","RT @TaraSetmayer: This brought tears to my eyes, for the 2nd time, during #ImpeachmentHearings \n\nSo many emotionsğŸ¤¦ğŸ½â€â™€ï¸\n\nFrom anger to prideâ€¦","Nerlster"
"negative","RT @TaraSetmayer: This brought tears to my eyes, for the 2nd time, during #ImpeachmentHearings \n\nSo many emotionsğŸ¤¦ğŸ½â€â™€ï¸\n\nFrom anger to prideâ€¦","LouiseLowery12"
"negative","RT @TaraSetmayer: This brought tears to my eyes, for the 2nd time, during #ImpeachmentHearings \n\nSo many emotionsğŸ¤¦ğŸ½â€â™€ï¸\n\nFrom anger to prideâ€¦","mczaroff"
"negative","RT @TaraSetmayer: This brought tears to my eyes, for the 2nd time, during #ImpeachmentHearings \n\nSo many emotionsğŸ¤¦ğŸ½â€â™€ï¸\n\nFrom anger to prideâ€¦","creepington"
"negative","RT @TaraSetmayer: This brought tears to my eyes, for the 2nd time, during #ImpeachmentHearings \n\nSo many emotionsğŸ¤¦ğŸ½â€â™€ï¸\n\nFrom anger to prideâ€¦","Reggiebub"
"negative","RT @TaraSetmayer: This brought tears to my eyes, for the 2nd time, during #ImpeachmentHearings \n\nSo many emotionsğŸ¤¦ğŸ½â€â™€ï¸\n\nFrom anger to prideâ€¦","Markbro94470564"
"negative","RT @TaraSetmayer: This brought tears to my eyes, for the 2nd time, during #ImpeachmentHearings \n\nSo many emotionsğŸ¤¦ğŸ½â€â™€ï¸\n\nFrom anger to prideâ€¦","TaraSetmayer"
"negative","You know what really #GrindsMyGears... Stupid people at #Walmart that have more than the # of items allowed in theâ€¦ https://t.co/tE6qpQ4Tp1","niki_haviland"
"negative","RT @igetloudtff: Trying to put the ball on a piercing causes a type of anger I didnâ€™t know existed ğŸ¤¬","melodyathanase"
"negative","Iâ€™m shaking in anger Iâ€™m so triggered ğŸ¤¬","naomisrangers"
"negative","RT @Nilsalollitasmo: @QueenPhillippa @PapaESoCo My heart get filled with sadness, anger and disgrace. We are returning to a Jim Crow era. Tâ€¦","PapaESoCo"
"negative","RT @igetloudtff: Trying to put the ball on a piercing causes a type of anger I didnâ€™t know existed ğŸ¤¬","_Tyedeee"
"negative","RT @igetloudtff: Trying to put the ball on a piercing causes a type of anger I didnâ€™t know existed ğŸ¤¬","BlackBella94"
"negative","RT @igetloudtff: Trying to put the ball on a piercing causes a type of anger I didnâ€™t know existed ğŸ¤¬","Tareja_babee"
"negative","RT @igetloudtff: Trying to put the ball on a piercing causes a type of anger I didnâ€™t know existed ğŸ¤¬","0_ThoughtsGiven"
"positive","RT @dad0toon: How can one more perfectly represent the 7 deadly sins than Donald J Trump?  Pride? ğŸ¥‡Envy? ğŸ˜ Gluttony? ğŸ” Lust? ğŸ† Anger? ğŸ¤¬ Greeâ€¦","thealicloud"
"neutral","@bimblelass Not tonight. Literally just got in from a loooong day where we had queues of pts waiting beds. Canâ€™t waâ€¦ https://t.co/QJtmBO1ipK","ne_grant"
"negative","The anger you feel when you lose over 100000 blood echos ğŸ¤¬","korsingwaters"
"negative","@kelownagurl Can't even describe my anger!\nğŸ¤¬ğŸ˜­","indian_nomad"
"negative","RT @igetloudtff: Trying to put the ball on a piercing causes a type of anger I didnâ€™t know existed ğŸ¤¬","traplxxgalore"
"negative","RT @igetloudtff: Trying to put the ball on a piercing causes a type of anger I didnâ€™t know existed ğŸ¤¬","GarzaHeaven"
"negative","RT @igetloudtff: Trying to put the ball on a piercing causes a type of anger I didnâ€™t know existed ğŸ¤¬","kiieraaa15"
"negative","Dont look back in anger ğŸ¤¬\nor forward in fear ğŸ™\nbut around in awareness ğŸ§\n\nâ€”â“","halfwokeasfck"
"negative","Me, rationalizing my anger today: WELL, MERCURY IS IN RETROGRADE\n\nothers: Thought you hated Astrology?\n\nME: I DO. ğŸ¤¬","dignifiedpauper"
"positive","RT @denisewu: @nytimes Ambassador Yovanovitch and Lt. Col. Vindman made me proud to be American again. All these GOP attacks really anger mâ€¦","DeMeligrana"
"negative","RT @igetloudtff: Trying to put the ball on a piercing causes a type of anger I didnâ€™t know existed ğŸ¤¬","jamesbruce034"
"negative","RT @igetloudtff: Trying to put the ball on a piercing causes a type of anger I didnâ€™t know existed ğŸ¤¬","teyonce22"
"positive","@nytimes Ambassador Yovanovitch and Lt. Col. Vindman made me proud to be American again. All these GOP attacks really anger me. ğŸ¤¬","denisewu"
"negative","Trying to put the ball on a piercing causes a type of anger I didnâ€™t know existed ğŸ¤¬","igetloudtff"
"positive","Smh they didn't even nominate Ring Fit Adventure for the best RPG game, I'm truly disappointed inâ€¦ https://t.co/WhyxOKq3ij","Se1fedd1n"
"negative","RT @TaraSetmayer: This brought tears to my eyes, for the 2nd time, during #ImpeachmentHearings \n\nSo many emotionsğŸ¤¦ğŸ½â€â™€ï¸\n\nFrom anger to prideâ€¦","marley1925"
"negative","RT @TaraSetmayer: This brought tears to my eyes, for the 2nd time, during #ImpeachmentHearings \n\nSo many emotionsğŸ¤¦ğŸ½â€â™€ï¸\n\nFrom anger to prideâ€¦","DonaRogers20"
"negative","RT @TaraSetmayer: This brought tears to my eyes, for the 2nd time, during #ImpeachmentHearings \n\nSo many emotionsğŸ¤¦ğŸ½â€â™€ï¸\n\nFrom anger to prideâ€¦","ddnogo"
"negative","RT @TaraSetmayer: This brought tears to my eyes, for the 2nd time, during #ImpeachmentHearings \n\nSo many emotionsğŸ¤¦ğŸ½â€â™€ï¸\n\nFrom anger to prideâ€¦","DoreenDevaney"
"negative","RT @TaraSetmayer: This brought tears to my eyes, for the 2nd time, during #ImpeachmentHearings \n\nSo many emotionsğŸ¤¦ğŸ½â€â™€ï¸\n\nFrom anger to prideâ€¦","marilee313"
"negative","RT @KitchenSprout: Life has never ğŸš« given me lemons...ğŸ‹ğŸ‹ğŸ‹ \nIt has given me anger ğŸ¤¬ issues\nAnxiety ğŸ˜©\nLove â¤ï¸ for alcohol ğŸ· \nSerious dislikeğŸ˜¡â€¦","cowineco"
"negative","RT @KitchenSprout: Life has never ğŸš« given me lemons...ğŸ‹ğŸ‹ğŸ‹ \nIt has given me anger ğŸ¤¬ issues\nAnxiety ğŸ˜©\nLove â¤ï¸ for alcohol ğŸ· \nSerious dislikeğŸ˜¡â€¦","essox2"
"negative","Life has never ğŸš« given me lemons...ğŸ‹ğŸ‹ğŸ‹ \nIt has given me anger ğŸ¤¬ issues\nAnxiety ğŸ˜©\nLove â¤ï¸ for alcohol ğŸ· \nSerious disâ€¦ https://t.co/dvpJAFpjWk","KitchenSprout"
"positive","RT @dad0toon: How can one more perfectly represent the 7 deadly sins than Donald J Trump?  Pride? ğŸ¥‡Envy? ğŸ˜ Gluttony? ğŸ” Lust? ğŸ† Anger? ğŸ¤¬ Greeâ€¦","corinneyvonne02"
"negative","RT @TaraSetmayer: This brought tears to my eyes, for the 2nd time, during #ImpeachmentHearings \n\nSo many emotionsğŸ¤¦ğŸ½â€â™€ï¸\n\nFrom anger to prideâ€¦","thisisTW"
"negative","RT @TaraSetmayer: This brought tears to my eyes, for the 2nd time, during #ImpeachmentHearings \n\nSo many emotionsğŸ¤¦ğŸ½â€â™€ï¸\n\nFrom anger to prideâ€¦","KURDlSH"
"negative","RT @TaraSetmayer: This brought tears to my eyes, for the 2nd time, during #ImpeachmentHearings \n\nSo many emotionsğŸ¤¦ğŸ½â€â™€ï¸\n\nFrom anger to prideâ€¦","Dot0613"
"negative","RT @TaraSetmayer: This brought tears to my eyes, for the 2nd time, during #ImpeachmentHearings \n\nSo many emotionsğŸ¤¦ğŸ½â€â™€ï¸\n\nFrom anger to prideâ€¦","Chris6375Again"
"negative","RT @TaraSetmayer: This brought tears to my eyes, for the 2nd time, during #ImpeachmentHearings \n\nSo many emotionsğŸ¤¦ğŸ½â€â™€ï¸\n\nFrom anger to prideâ€¦","AleydaMZamora"
"negative","RT @TaraSetmayer: This brought tears to my eyes, for the 2nd time, during #ImpeachmentHearings \n\nSo many emotionsğŸ¤¦ğŸ½â€â™€ï¸\n\nFrom anger to prideâ€¦","stetayen"
"negative","RT @TaraSetmayer: This brought tears to my eyes, for the 2nd time, during #ImpeachmentHearings \n\nSo many emotionsğŸ¤¦ğŸ½â€â™€ï¸\n\nFrom anger to prideâ€¦","KristyPerano"
"negative","RT @TaraSetmayer: This brought tears to my eyes, for the 2nd time, during #ImpeachmentHearings \n\nSo many emotionsğŸ¤¦ğŸ½â€â™€ï¸\n\nFrom anger to prideâ€¦","kurtbardella"
"negative","RT @TaraSetmayer: This brought tears to my eyes, for the 2nd time, during #ImpeachmentHearings \n\nSo many emotionsğŸ¤¦ğŸ½â€â™€ï¸\n\nFrom anger to prideâ€¦","ZenMatter"
"negative","RT @TaraSetmayer: This brought tears to my eyes, for the 2nd time, during #ImpeachmentHearings \n\nSo many emotionsğŸ¤¦ğŸ½â€â™€ï¸\n\nFrom anger to prideâ€¦","mspinkify"
"negative","RT @TaraSetmayer: This brought tears to my eyes, for the 2nd time, during #ImpeachmentHearings \n\nSo many emotionsğŸ¤¦ğŸ½â€â™€ï¸\n\nFrom anger to prideâ€¦","per354"
"negative","RT @TaraSetmayer: This brought tears to my eyes, for the 2nd time, during #ImpeachmentHearings \n\nSo many emotionsğŸ¤¦ğŸ½â€â™€ï¸\n\nFrom anger to prideâ€¦","Rfranz19"
"negative","RT @TaraSetmayer: This brought tears to my eyes, for the 2nd time, during #ImpeachmentHearings \n\nSo many emotionsğŸ¤¦ğŸ½â€â™€ï¸\n\nFrom anger to prideâ€¦","tomcox60"
"negative","RT @TaraSetmayer: This brought tears to my eyes, for the 2nd time, during #ImpeachmentHearings \n\nSo many emotionsğŸ¤¦ğŸ½â€â™€ï¸\n\nFrom anger to prideâ€¦","theresannn1"
"negative","RT @TaraSetmayer: This brought tears to my eyes, for the 2nd time, during #ImpeachmentHearings \n\nSo many emotionsğŸ¤¦ğŸ½â€â™€ï¸\n\nFrom anger to prideâ€¦","PhyllisPaciullo"
"negative","RT @TaraSetmayer: This brought tears to my eyes, for the 2nd time, during #ImpeachmentHearings \n\nSo many emotionsğŸ¤¦ğŸ½â€â™€ï¸\n\nFrom anger to prideâ€¦","Rendy21"
"negative","RT @TaraSetmayer: This brought tears to my eyes, for the 2nd time, during #ImpeachmentHearings \n\nSo many emotionsğŸ¤¦ğŸ½â€â™€ï¸\n\nFrom anger to prideâ€¦","snovismom"
"negative","RT @TaraSetmayer: This brought tears to my eyes, for the 2nd time, during #ImpeachmentHearings \n\nSo many emotionsğŸ¤¦ğŸ½â€â™€ï¸\n\nFrom anger to prideâ€¦","scv74980610"
"negative","RT @TaraSetmayer: This brought tears to my eyes, for the 2nd time, during #ImpeachmentHearings \n\nSo many emotionsğŸ¤¦ğŸ½â€â™€ï¸\n\nFrom anger to prideâ€¦","cathyphi"
"negative","RT @TaraSetmayer: This brought tears to my eyes, for the 2nd time, during #ImpeachmentHearings \n\nSo many emotionsğŸ¤¦ğŸ½â€â™€ï¸\n\nFrom anger to prideâ€¦","ASHSANGKA"
"negative","RT @TaraSetmayer: This brought tears to my eyes, for the 2nd time, during #ImpeachmentHearings \n\nSo many emotionsğŸ¤¦ğŸ½â€â™€ï¸\n\nFrom anger to prideâ€¦","landytaylor1"
"negative","RT @TaraSetmayer: This brought tears to my eyes, for the 2nd time, during #ImpeachmentHearings \n\nSo many emotionsğŸ¤¦ğŸ½â€â™€ï¸\n\nFrom anger to prideâ€¦","1_IndVoice"
"negative","This brought tears to my eyes, for the 2nd time, during #ImpeachmentHearings \n\nSo many emotionsğŸ¤¦ğŸ½â€â™€ï¸\n\nFrom anger toâ€¦ https://t.co/P12ux0FKvG","TaraSetmayer"
"negative","RT @Nilsalollitasmo: @QueenPhillippa @PapaESoCo My heart get filled with sadness, anger and disgrace. We are returning to a Jim Crow era. Tâ€¦","QueenPhillippa"
"negative","Magtuon turns into tweeting with ANGER ğŸ¤¬ğŸ˜¤","jahsuahplenos1"
"positive","#JodyOnTheShow? This whole, thing, feels like what drowning, must feel like?ğŸ˜£ #Panic!ğŸ˜µğŸ˜± #Sadness!ğŸ˜­ #Confusion!ğŸ¤”â€¦ https://t.co/TaxYe2rxTl","jboogiebrown"
"negative","@QueenPhillippa @PapaESoCo My heart get filled with sadness, anger and disgrace. We are returning to a Jim Crow eraâ€¦ https://t.co/ZPKuqMAgyg","Nilsalollitasmo"
"positive","RT @dad0toon: How can one more perfectly represent the 7 deadly sins than Donald J Trump?  Pride? ğŸ¥‡Envy? ğŸ˜ Gluttony? ğŸ” Lust? ğŸ† Anger? ğŸ¤¬ Greeâ€¦","NicoleLarson97"
"negative","Turn that anger into lyrics ğŸ¤¬ğŸ¤","JacobLaFlar3"
"positive","RT @dad0toon: How can one more perfectly represent the 7 deadly sins than Donald J Trump?  Pride? ğŸ¥‡Envy? ğŸ˜ Gluttony? ğŸ” Lust? ğŸ† Anger? ğŸ¤¬ Greeâ€¦","AdmPit"
"positive","RT @_JRobles71: I was enjoying my pancakes at Norms but then I remembered John Gibson was our goalie, not Freddie Andersen and I got so flaâ€¦","Louisx209"
"positive","RT @_JRobles71: I was enjoying my pancakes at Norms but then I remembered John Gibson was our goalie, not Freddie Andersen and I got so flaâ€¦","CNP_91"
"positive","RT @_JRobles71: I was enjoying my pancakes at Norms but then I remembered John Gibson was our goalie, not Freddie Andersen and I got so flaâ€¦","TboneSlapshot"
"positive","I was enjoying my pancakes at Norms but then I remembered John Gibson was our goalie, not Freddie Andersen and I goâ€¦ https://t.co/eZYWhOulUd","_JRobles71"
"positive","RT @dad0toon: How can one more perfectly represent the 7 deadly sins than Donald J Trump?  Pride? ğŸ¥‡Envy? ğŸ˜ Gluttony? ğŸ” Lust? ğŸ† Anger? ğŸ¤¬ Greeâ€¦","s0ftg0blin"
"negative","RT @hollinger_jimmy: Anyone got any ideas to let some anger out? ğŸ¤¬ https://t.co/BfGXctJpL8","JohnnyK_59"
"negative","Anyone got any ideas to let some anger out? ğŸ¤¬ https://t.co/BfGXctJpL8","hollinger_jimmy"
"positive","RT @dad0toon: How can one more perfectly represent the 7 deadly sins than Donald J Trump?  Pride? ğŸ¥‡Envy? ğŸ˜ Gluttony? ğŸ” Lust? ğŸ† Anger? ğŸ¤¬ Greeâ€¦","urfavetatertott"
"positive","RT @dad0toon: How can one more perfectly represent the 7 deadly sins than Donald J Trump?  Pride? ğŸ¥‡Envy? ğŸ˜ Gluttony? ğŸ” Lust? ğŸ† Anger? ğŸ¤¬ Greeâ€¦","ciqii"
"positive","RT @dad0toon: How can one more perfectly represent the 7 deadly sins than Donald J Trump?  Pride? ğŸ¥‡Envy? ğŸ˜ Gluttony? ğŸ” Lust? ğŸ† Anger? ğŸ¤¬ Greeâ€¦","polygraphalyssa"
"negative","@2_Unkn0wn4u That is FUCKING horrendous ...that poor soul, heartbreaking ğŸ’”anger beyond words ğŸ¤¬","fox_xrp"
"negative","RT @ariellarodd: Need to get in a boxing ring and let all this anger out. This world is making me mad AF ğŸ¤¬","WitheringRose17"
"negative","@jorymicah @jencoles9 I don't have a bullying story but righteous anger overwhelms me when I read howâ€¦ https://t.co/bj82VmRbwa","sugarma26843514"
"negative","RT @ariellarodd: Need to get in a boxing ring and let all this anger out. This world is making me mad AF ğŸ¤¬","maddijoh"